username,license_num
V87MR5,D2991-49821-58399
FzNeI8,Y3004-29871-00934
HGQddt,E8991-00294-25791
SWFcNm,T7392-50920-28571
XFRdGC,T9472-08248-29444
zngIY4,Y5982-28171-39799
BOkuU6,I7710-00106-32527
A9HezR,G3892-87594-55814
KXZ4kH,V1002-20686-95739
h2vVzM,R5503-66944-67554
omtLoe,D7052-87968-27025
c8sVbO,W3231-60317-37326
IiBIbO,S6441-35192-14298
e2P9Tt,W6180-76540-05400
m5CYkf,A1978-61078-94089
JqZYFs,V4088-50227-35444
NzVmC0,W8730-71574-09430
iy5LwC,J1833-52514-13874
FZah06,Q8156-04277-94801
6pSAit,J5093-64495-47170
cEYMMu,Z6493-89008-33430
zudT5m,A3545-78345-29867
210Zae,L7525-19413-93206
xbJASL,I9263-72112-25510
Fmzdca,S7435-35483-83937
ZMQlK8,O2019-59955-35658
cWmKVB,C3565-06739-16818
iwdyo8,W9762-15572-65659
FhOxMH,W4838-00403-55786
kbvNHj,E1466-56664-54896
5WRD4s,E6693-34232-85334
VRr26E,M5802-19552-15082
2mFHbf,Y8240-28194-60342
rQ80X5,K2963-75781-29891
Ml9JBs,D3088-65946-36339
MPPCP9,T3121-03574-21885
tf1udX,R0315-35815-77356
RNkJ5k,U7470-64241-88550
BdAQf1,J3457-77936-12080
lE9W1T,S2141-78567-85354
tLP9qr,F5519-10725-18841
zzXFX5,B0073-92032-85811
o6wljJ,J5387-51224-60030
UCpZHi,V6627-44540-24627
r6tYbK,G6965-32991-72486
AWoiBS,T4379-29713-11466
HSh3UF,K4055-32584-25114
N5FElj,Z1060-26242-21745
E9fzCy,K8047-83608-28090
nUDrRu,H6908-90489-91396
7aYMFA,V0374-65076-25847
RF4ddR,W8910-55472-92827
lbrkLL,K4827-89376-30400
cnUKTb,M9893-34506-58363
pKUz5r,G9697-76512-37085
OZAx53,W6220-31766-27220
rA0Fxg,E5902-46170-43523
olgNNk,P7427-93453-20410
HCI1Pn,F3741-65476-55417
ZwH6g4,Y3110-12524-36691
pcKNOD,K2357-73701-04939
Qygy2L,G1454-09267-68252
VW0xgs,Q2673-57246-30924
5b7ts2,S7870-78098-12959
jXKWXI,N4052-90984-74319
vvd6ZV,D1196-76434-28174
VaWc7Z,D2925-44316-91008
ESJ7g2,C3712-78610-41594
xmQZAF,U2216-64807-95999
75tSn1,Y1057-83631-24686
33bXCH,Q2561-26767-07978
rZ6fcF,L5016-10816-99475
WceipZ,W9487-64508-98641
sm0Rjv,X2360-72631-42293
2WuY9e,M9862-46949-03410
lDxejD,J7002-38127-22246
8rQCPH,J8389-71782-71906
6SJKDi,M0325-40384-62642
lYQUkB,T9838-24909-69532
AlUpfp,H4658-22457-68444
XSZc3Z,C9894-88757-10419
S13bk7,T0869-77960-01693
IpWtVQ,T4634-21442-28749
lrTMxk,T7868-60493-89375
NRdwd8,Y1752-52866-38273
sSMlo7,D9924-43538-24007
rdYu2L,G6453-30757-22330
pJySL4,F9625-84305-78644
oRQEDx,Y9084-71064-66907
WLezPm,Z9414-36348-68354
5gY4sR,T0290-24430-24190
vhBZC1,S6654-00813-31743
10zIgn,I7826-77673-40861
v4FiHM,Z7663-01134-16303
soOYOd,I7944-16910-80290
c1OwyW,N0945-36351-64739
wubghn,U0917-51094-46613
2POYMM,O6886-84667-69880
8No1DU,J7611-25396-20226
gXYMME,C7211-40342-66924
DWSh6K,R0177-83336-66016
nFCdVw,H2355-36307-21599
MOXcp2,V3904-26977-73339
7TbBaA,C3711-35234-53139
ylx3Pb,J0515-35665-20708
7khWdK,A0663-67772-89040
UUSEvH,U0134-78138-27401
Kf22oz,Y8344-40551-96046
7ErgP3,A2913-10501-77514
nB6RtV,Q3986-92943-37471
Wtzkfv,U9386-42216-46559
O0uMHU,W3160-24480-18698
j3iU05,T1185-49091-35131
I6685L,P3573-43985-34756
uaUotc,A5276-64164-49529
NDl7rB,V5402-06754-63832
Rk9Gny,S1367-86040-45908
Eu6W6W,K7249-37756-53098
USKBJw,X9258-25732-02701
YYxozE,R8542-81241-39554
akGS8E,B8315-91479-23247
tmLhDQ,W7876-13131-86006
5BTI4L,J4697-37249-31736
OYd8Ta,Q7634-91129-29066
RM4ziT,H6151-18199-20801
Nnu4qC,F0302-75941-86869
rvv2nU,C7506-27589-63246
KxP4FH,Q8150-87282-20320
cQdmZb,I0034-13354-57619
lbQqBw,K7161-46577-89107
K3D2Ta,E8309-55189-73882
gBVRaI,Z7385-25157-61632
ZWvJyf,J1080-60672-72464
KWHwXS,K3544-25049-65894
zkNSTO,B8582-62685-46886
vBu9st,M6545-25447-69052
RSezYD,E8028-53451-98789
vLzVND,H2058-76993-69017
qbnufo,L2976-52794-49164
oXguCs,Q0700-49918-43494
MNsHfZ,P1318-89027-08699
YZoB1f,P2444-89766-99611
BU8DBL,V2739-38314-38545
ceXKm1,W5812-74874-12133
kAfFUU,O5646-26765-99892
NgQvnK,K7471-54502-58953
Voqa6x,X7237-85635-97211
YpkHtL,U2726-87327-41859
plWUSi,T3899-33954-10773
VCl0ge,M1095-44205-71952
4TETyV,B8308-76716-64374
PPrysX,B7886-91056-31338
fBhjv6,E5298-13576-76417
RdRUZt,T1674-03380-96486
82Orak,F8981-85833-44506
ieHLgn,V4994-38772-94883
tF1O2d,D5288-01258-53681
d128zQ,B4129-01957-10907
AwQojD,D3081-79150-73480
Mj3VU5,P7987-25434-98093
GhzHPO,W3244-77784-48798
PTf40p,K0961-71497-85999
FClx0i,K7889-46249-54866
09C8ro,G0046-44305-08048
T34E86,Y2527-73041-02923
uXu5IU,G9604-04943-14952
oWlotg,O1370-17764-64648
vG5ljg,Q9079-40929-62400
cYsUeU,T4461-97618-17155
2I0KxV,D1497-38549-11991
TLUiJc,H7367-18963-94974
5J4QJe,J2054-80917-56382
7MQgNl,D5326-98620-78019
ssUXmj,A6129-95510-59621
NZ2ZCA,D2748-10890-88357
ediPUh,V2034-39951-76867
LM6dpZ,I1586-07633-72567
mLPNXS,Z0421-69581-32688
DW5OcE,Q8289-18388-73534
B5iuUu,V0139-71016-25939
kfH4wq,Q4961-38071-02944
6r1tVA,C8093-76837-69126
oPD4va,G9785-35866-97235
U9BkVq,G4154-37703-64442
EPAeOZ,C2262-01931-49333
8a1L2J,Y6369-73921-46441
SsZjRq,L3923-35930-25399
aUB4kM,F3304-42762-81583
BGKIZU,R8872-24279-73445
s9Jazg,O1969-26779-40933
pcccu4,B0952-86266-69555
IcW3mC,F4404-05292-45954
BvsVJA,C7572-15178-81589
pJpycI,N9183-71604-39466
O0Agc3,O6063-01734-91645
A1323z,B7128-32267-34261
N7kGwH,K7747-43310-56427
0IdHGo,B0003-84834-38445
mXzIvp,O5199-11976-95921
119UN3,F2111-21024-07339
3l9d3v,O6172-32906-65932
IJ12HL,E4733-39425-81446
aiXi8U,T9193-68624-96509
oGuW4F,M8659-71967-14074
D1FOAC,T9947-45354-67629
03trNK,I1888-08011-29446
HWPs97,B9514-48775-29680
wuPnsN,P5984-66733-42384
RT3pqH,Q1059-80487-79384
Igr4aC,X5815-97164-26843
p4IzCO,B3684-27154-36729
ctUNal,O9189-09427-40833
E6HwkJ,V1064-82445-19830
zZI16r,F1511-68748-25806
JKMmiq,W6980-33305-01375
cM6NCE,G5136-30857-81639
z7rBL9,S0062-64468-45379
2E2Rkt,Z2294-50604-85880
9W6iFB,I9511-48660-31984
3x8ap1,L9815-33803-32050
BzKnuN,F7812-43062-74434
p13D7n,K9761-11960-28656
byNI82,T3439-03156-85552
y1kdnM,G0380-15621-76125
u4H5TO,T3445-89979-76483
GYR09W,L3114-93632-82983
yOToms,K1887-93036-41159
06YTGQ,I2597-94450-83049
xuzFmx,D7182-14627-62377
QiM830,O4613-98160-85286
Gtio7i,G4853-46886-36646
Wly0Tt,X0214-27866-84486
jJP2mr,K9772-65751-37033
xby1Hi,H3273-10188-78678
ZAwdja,P1069-82134-55319
K0Vci2,W1970-76074-50424
KL807f,S1383-01598-15717
b6aFfc,Q6942-90346-61097
iY6fLc,Z3409-52859-14924
CPm9P6,C6294-91510-37086
v2BYqd,E4304-74705-22491
YHkWsa,A5214-69731-32878
s6dSZK,A2612-59313-82832
HUeU5L,G7943-80802-65635
epp2ZT,G9686-78141-54056
QK6BEE,K0896-15367-23872
eDQ7qY,D6374-11230-84510
1LqfwO,Q1419-10694-26203
8tzb14,O7365-21021-90251
cb7z3B,I3806-03077-43943
yfrRGh,K9941-32249-61368
eq1ZyV,E1006-04484-53788
4KnFct,P5832-13717-40674
f82a4q,W7991-73777-72349
eySBjm,I3706-04192-08395
GoJOJK,O9147-39099-06210
rkEIBG,C0969-95508-06725
Wj4dgr,M6180-14458-27862
RW9NU4,L5786-73769-84744
JXlAxS,S7387-54614-29385
OcGPSK,K2718-98619-65154
MqAcY1,R9949-67001-81993
pW7vDV,Y4316-25639-22843
vARluN,U2528-18768-98998
n2UOFv,V9531-64901-01435
jqxw4j,F2335-81413-54585
9HQuR0,T5589-51145-39955
qy7Hi7,Q5039-38029-30011
7XTQPw,B9217-03596-43425
Anr3mZ,P4131-85016-29470
z7kP3r,L1855-07997-01048
E2cYv6,O7707-27512-24652
EAtb45,B1616-11428-77605
PfTXRr,K4033-65447-99513
bSbAwQ,A9972-31363-91438
1Gf05T,I8745-87902-23048
Pb4QDq,Z2258-21087-20902
fjlXLO,B7804-02305-82027
DitwoG,E5845-83006-10674
Fcq3xl,F9915-70297-99209
QDGLgp,P6460-74905-77157
bOFZLc,L3440-84969-49248
B9bn1r,H1798-81801-59548
FEGM6N,P6389-03759-64631
hFcYuc,P0183-18891-99909
nWoT99,F2441-93891-80885
jUC667,G2859-44190-06038
JoXQuo,G6739-41399-13944
ock8xs,G4927-78063-34487
eEG3nb,I4430-73072-34093
NCdmvz,K6591-25170-97014
yr9cDh,L3610-14791-79616
oJIJDS,X7890-54158-77150
zRUxuS,R3610-57497-39846
1oj5z5,X8501-31450-52373
2qqlt3,U6961-86267-93413
dg2icD,F0070-23453-63107
pMYDUn,Q1672-22830-62264
kUAyDW,K6775-31783-86736
HZSLvH,M1955-35843-61295
Q22EjW,N5960-39185-15249
1DaOph,Q4175-85634-91519
ZRyRHh,V5143-22926-63587
3yU5Ve,R9844-93715-29016
4DnUeT,S5591-84949-50967
lSvvSk,Z6887-86368-95561
KlmBLR,P3814-55820-81618
NVpdZv,Y7768-46801-91807
hzRuR6,V5145-81797-92468
wUgXJf,Q0579-97897-94503
thiHnX,A5823-84139-77424
wn9OGg,V0428-42534-42367
51mDsA,N2481-09819-16745
zbo2wo,K6687-25532-57235
B0Ay97,W6613-60134-19417
DwbGSo,I0326-43330-70060
sFsRrv,Q4293-11859-38261
vTtvza,W1303-47386-56991
Ttmgis,I6152-25025-12163
01u4Fw,F1337-40039-49715
X7oCKT,N3112-57477-55481
Eyj8Vm,Y4106-28350-76814
Sht3Gd,X6580-63778-03686
5QBkfQ,F7490-44698-72197
UhOtPb,T1298-26019-82160
4xA54u,F7399-72604-47105
GtIZqB,Q4838-45855-50615
1VXANA,U6774-67862-54468
87uR9z,V6024-87762-38685
vwbYrm,W1523-89680-47765
FViHEh,F2837-04207-97693
mWn9xX,I6975-45644-85039
Ufj9tK,B6137-33803-69786
2UUNvS,A1725-15748-21725
qmyKKH,Q9162-83560-92982
SrBgUV,J4069-36318-54852
ctQ0Y1,R0528-60040-26997
X8JX7d,M2828-71295-26052
PvDRgX,U4771-44467-76839
S1jPab,C9933-89889-10610
sbMfrF,R9222-14802-12308
WxKOg9,J7568-19601-86496
3B5czx,H6018-79722-97944
IToU4Y,S2362-59922-17607
DALnNc,N3795-56537-41653
vNSzI6,C5300-71742-39248
o2QEAJ,Z8747-75361-25616
TBOEYe,U3161-77851-62429
bzCwHG,N6869-40342-12221
wXhxbr,N7701-58016-49262
4skrcT,Y3098-89261-16370
rE39y6,K4418-12085-24891
gESfB3,M1979-48098-51675
K9mqMY,J4869-06519-83115
a9FLCu,E1132-65762-36403
Z1bjJS,A3127-04411-98935
jmi4WT,X0080-47045-10978
lcBFPC,Q5443-41213-21339
xRWonb,K7480-94669-63931
EOfMRc,K4212-79463-78493
NfCIj6,G5885-76610-45195
f75A5Z,K9643-88311-25753
UPmSEt,Z5275-36025-22723
WUuDYu,B3340-97758-70715
YvN9e5,A8544-45550-48356
xXUFq1,V6021-43447-16366
Rc2EkS,Q3167-57132-91295
HxV7TX,R7901-91258-75307
ywJvz6,G2964-73735-32062
sKGRuy,Q6415-04070-44117
tfc9Mi,O6964-45563-44549
EOivBm,Z3074-99135-92987
1Stc6k,E6061-04677-69065
YbbzLs,T8466-90960-25390
wBhYXg,X7831-43557-73126
u9sDVE,X6195-14315-30367
zHkx2E,W8058-71255-67730
zDvg4h,J7360-02921-89426
MPOg3S,E7356-81278-36955
X3UtNL,Q3958-16180-03827
Aq1CAB,Z6686-89964-58940
4x6pmy,S9734-07248-84457
9liWAH,Q8471-77638-59808
7PGALH,U1662-84244-94345
SOGZqc,V2146-74413-31568
uF4ZwM,T5061-49803-47443
NxCtmH,R9708-66896-06213
khnZgR,D0242-19084-23314
uA2Mw8,M7787-08032-90070
EAettv,S7774-12458-39845
5eGe4h,D0001-85300-08432
4kyWIN,T5831-69857-63066
ENm9Zn,B5133-54113-32916
e2rypq,W3562-81706-42556
jiT5Uw,K2987-64379-92162
seDQyI,C6304-35742-96068
AGnFe5,T4841-74636-05957
cX1pHi,V0055-32328-40936
VFk1P1,S4412-26998-18174
